home_team,away_team,home_score,away_score,year,month,day,game_date,date
Tranmere,Forest Green,1,3,2017,05,14,14.05. 10:00,2017-05-14
Forest Green,Dag & Red,2,0,2017,05,07,07.05. 10:00,2017-05-07
Tranmere,Aldershot,2,2,2017,05,06,06.05. 07:15,2017-05-06
Dag & Red,Forest Green,1,1,2017,05,04,04.05. 14:00,2017-05-04
Aldershot,Tranmere,0,3,2017,05,03,03.05. 14:00,2017-05-03
Aldershot,Braintree,2,0,2017,04,29,29.04. 07:15,2017-04-29
Barrow,Dover,2,3,2017,04,29,29.04. 07:15,2017-04-29
Chester,Boreham Wood,0,2,2017,04,29,29.04. 07:15,2017-04-29
Dag & Red,Woking,1,1,2017,04,29,29.04. 07:15,2017-04-29
Eastleigh,Wrexham,1,1,2017,04,29,29.04. 07:15,2017-04-29
Gateshead,Bromley,0,2,2017,04,29,29.04. 07:15,2017-04-29
Guiseley,Solihull Moors,1,1,2017,04,29,29.04. 07:15,2017-04-29
Macclesfield,Sutton,0,0,2017,04,29,29.04. 07:15,2017-04-29
Maidstone,Tranmere,0,1,2017,04,29,29.04. 07:15,2017-04-29
Southport,Lincoln,1,1,2017,04,29,29.04. 07:15,2017-04-29
Torquay,North Ferriby Utd,2,0,2017,04,29,29.04. 07:15,2017-04-29
York City,Forest Green,2,2,2017,04,29,29.04. 07:15,2017-04-29
Dover,Macclesfield,2,2,2017,04,25,25.04. 14:45,2017-04-25
Maidstone,Lincoln,0,0,2017,04,25,25.04. 14:45,2017-04-25
Boreham Wood,Gateshead,0,4,2017,04,22,22.04. 10:00,2017-04-22
Braintree,Barrow,0,2,2017,04,22,22.04. 10:00,2017-04-22
Bromley,Guiseley,1,1,2017,04,22,22.04. 10:00,2017-04-22
Dover,Torquay,1,2,2017,04,22,22.04. 10:00,2017-04-22
Forest Green,Maidstone,2,2,2017,04,22,22.04. 10:00,2017-04-22
North Ferriby Utd,Aldershot,0,3,2017,04,22,22.04. 10:00,2017-04-22
Solihull Moors,Eastleigh,2,0,2017,04,22,22.04. 10:00,2017-04-22
Sutton,Chester,5,2,2017,04,22,22.04. 10:00,2017-04-22
Tranmere,Southport,4,1,2017,04,22,22.04. 10:00,2017-04-22
Woking,York City,1,1,2017,04,22,22.04. 10:00,2017-04-22
Wrexham,Dag & Red,0,1,2017,04,22,22.04. 10:00,2017-04-22
Lincoln,Macclesfield,2,1,2017,04,22,22.04. 07:15,2017-04-22
Aldershot,Dover,1,0,2017,04,17,17.04. 10:00,2017-04-17
Barrow,North Ferriby Utd,3,1,2017,04,17,17.04. 10:00,2017-04-17
Chester,Woking,2,3,2017,04,17,17.04. 10:00,2017-04-17
Dag & Red,Sutton,2,2,2017,04,17,17.04. 10:00,2017-04-17
Eastleigh,Bromley,2,1,2017,04,17,17.04. 10:00,2017-04-17
Gateshead,Lincoln,1,2,2017,04,17,17.04. 10:00,2017-04-17
Guiseley,Tranmere,1,2,2017,04,17,17.04. 10:00,2017-04-17
Macclesfield,Solihull Moors,1,3,2017,04,17,17.04. 10:00,2017-04-17
Maidstone,Boreham Wood,1,0,2017,04,17,17.04. 10:00,2017-04-17
Southport,Forest Green,2,0,2017,04,17,17.04. 10:00,2017-04-17
Torquay,Braintree,3,1,2017,04,17,17.04. 10:00,2017-04-17
York City,Wrexham,1,3,2017,04,17,17.04. 10:00,2017-04-17
Boreham Wood,Dag & Red,1,3,2017,04,14,14.04. 10:00,2017-04-14
Braintree,Guiseley,2,0,2017,04,14,14.04. 10:00,2017-04-14
Bromley,Barrow,4,1,2017,04,14,14.04. 10:00,2017-04-14
Dover,Southport,3,0,2017,04,14,14.04. 10:00,2017-04-14
Forest Green,Chester,2,0,2017,04,14,14.04. 10:00,2017-04-14
Lincoln,Torquay,2,1,2017,04,14,14.04. 10:00,2017-04-14
North Ferriby Utd,Eastleigh,2,1,2017,04,14,14.04. 10:00,2017-04-14
Solihull Moors,York City,1,2,2017,04,14,14.04. 10:00,2017-04-14
Sutton,Gateshead,3,0,2017,04,14,14.04. 10:00,2017-04-14
Tranmere,Aldershot,2,2,2017,04,14,14.04. 10:00,2017-04-14
Woking,Macclesfield,1,0,2017,04,14,14.04. 10:00,2017-04-14
Wrexham,Maidstone,1,3,2017,04,14,14.04. 10:00,2017-04-14
Lincoln,Chester,1,0,2017,04,11,11.04. 14:45,2017-04-11
Macclesfield,Maidstone,3,0,2017,04,11,11.04. 14:45,2017-04-11
Tranmere,Forest Green,0,1,2017,04,11,11.04. 14:45,2017-04-11
Aldershot,Torquay,1,1,2017,04,08,08.04. 10:00,2017-04-08
Barrow,Woking,2,2,2017,04,08,08.04. 10:00,2017-04-08
Braintree,Dover,1,2,2017,04,08,08.04. 10:00,2017-04-08
Bromley,Wrexham,4,3,2017,04,08,08.04. 10:00,2017-04-08
Chester,York City,0,2,2017,04,08,08.04. 10:00,2017-04-08
Eastleigh,Lincoln,0,1,2017,04,08,08.04. 10:00,2017-04-08
Gateshead,Maidstone,1,2,2017,04,08,08.04. 10:00,2017-04-08
Guiseley,Forest Green,0,1,2017,04,08,08.04. 10:00,2017-04-08
Macclesfield,Dag & Red,1,4,2017,04,08,08.04. 10:00,2017-04-08
North Ferriby Utd,Boreham Wood,2,4,2017,04,08,08.04. 10:00,2017-04-08
Sutton,Southport,2,2,2017,04,08,08.04. 10:00,2017-04-08
Tranmere,Solihull Moors,9,0,2017,04,08,08.04. 10:00,2017-04-08
Southport,Macclesfield,1,2,2017,04,04,04.04. 14:45,2017-04-04
Tranmere,Sutton,3,2,2017,04,04,04.04. 14:45,2017-04-04
York City,Bromley,0,2,2017,04,04,04.04. 14:45,2017-04-04
Lincoln,Dag & Red,2,0,2017,04,03,03.04. 14:45,2017-04-03
Boreham Wood,Macclesfield,2,4,2017,04,01,01.04. 10:00,2017-04-01
Dag & Red,Eastleigh,4,0,2017,04,01,01.04. 10:00,2017-04-01
Dover,Gateshead,2,0,2017,04,01,01.04. 10:00,2017-04-01
Forest Green,North Ferriby Utd,0,1,2017,04,01,01.04. 10:00,2017-04-01
Lincoln,Bromley,1,0,2017,04,01,01.04. 10:00,2017-04-01
Maidstone,Barrow,2,1,2017,04,01,01.04. 10:00,2017-04-01
Solihull Moors,Aldershot,0,2,2017,04,01,01.04. 10:00,2017-04-01
Southport,Guiseley,0,1,2017,04,01,01.04. 10:00,2017-04-01
Torquay,Chester,0,1,2017,04,01,01.04. 10:00,2017-04-01
Woking,Sutton,2,1,2017,04,01,01.04. 10:00,2017-04-01
York City,Braintree,3,0,2017,04,01,01.04. 10:00,2017-04-01
Wrexham,Tranmere,0,1,2017,04,01,01.04. 07:15,2017-04-01
Chester,Barrow,1,2,2017,03,28,28.03. 14:45,2017-03-28
Macclesfield,York City,1,3,2017,03,28,28.03. 14:45,2017-03-28
Solihull Moors,Torquay,0,1,2017,03,28,28.03. 14:45,2017-03-28
Sutton,Lincoln,1,1,2017,03,28,28.03. 14:45,2017-03-28
Tranmere,Dover,1,0,2017,03,28,28.03. 14:45,2017-03-28
Bromley,Chester,0,1,2017,03,25,25.03. 11:00,2017-03-25
Dag & Red,York City,1,0,2017,03,25,25.03. 11:00,2017-03-25
Eastleigh,Gateshead,1,1,2017,03,25,25.03. 11:00,2017-03-25
Guiseley,Dover,0,4,2017,03,25,25.03. 11:00,2017-03-25
Macclesfield,Aldershot,0,2,2017,03,25,25.03. 11:00,2017-03-25
Solihull Moors,Barrow,2,4,2017,03,25,25.03. 11:00,2017-03-25
Southport,Boreham Wood,1,0,2017,03,25,25.03. 11:00,2017-03-25
Sutton,North Ferriby Utd,5,1,2017,03,25,25.03. 11:00,2017-03-25
Tranmere,Braintree,1,0,2017,03,25,25.03. 11:00,2017-03-25
Woking,Maidstone,2,4,2017,03,25,25.03. 11:00,2017-03-25
Wrexham,Torquay,1,1,2017,03,25,25.03. 11:00,2017-03-25
Lincoln,Forest Green,3,1,2017,03,25,25.03. 08:15,2017-03-25
Aldershot,Dag & Red,3,1,2017,03,21,21.03. 15:45,2017-03-21
Barrow,Wrexham,1,1,2017,03,21,21.03. 15:45,2017-03-21
Boreham Wood,Lincoln,2,0,2017,03,21,21.03. 15:45,2017-03-21
Braintree,Woking,1,3,2017,03,21,21.03. 15:45,2017-03-21
Chester,Macclesfield,2,3,2017,03,21,21.03. 15:45,2017-03-21
Forest Green,Solihull Moors,2,1,2017,03,21,21.03. 15:45,2017-03-21
Gateshead,Guiseley,1,1,2017,03,21,21.03. 15:45,2017-03-21
Maidstone,Sutton,1,1,2017,03,21,21.03. 15:45,2017-03-21
North Ferriby Utd,Tranmere,1,4,2017,03,21,21.03. 15:45,2017-03-21
Torquay,Eastleigh,2,3,2017,03,21,21.03. 15:45,2017-03-21
York City,Southport,5,3,2017,03,21,21.03. 15:45,2017-03-21
Aldershot,Sutton,2,0,2017,03,18,18.03. 11:00,2017-03-18
Barrow,Dag & Red,2,1,2017,03,18,18.03. 11:00,2017-03-18
Boreham Wood,Guiseley,0,0,2017,03,18,18.03. 11:00,2017-03-18
Braintree,Southport,2,0,2017,03,18,18.03. 11:00,2017-03-18
Chester,Eastleigh,0,1,2017,03,18,18.03. 11:00,2017-03-18
Dover,Bromley,1,0,2017,03,18,18.03. 11:00,2017-03-18
Forest Green,Wrexham,3,0,2017,03,18,18.03. 11:00,2017-03-18
Gateshead,Woking,2,1,2017,03,18,18.03. 11:00,2017-03-18
North Ferriby Utd,Solihull Moors,1,4,2017,03,18,18.03. 11:00,2017-03-18
Boreham Wood,Dover,5,0,2017,03,14,14.03. 15:45,2017-03-14
Macclesfield,Gateshead,1,1,2017,03,14,14.03. 15:45,2017-03-14
Sutton,Forest Green,1,2,2017,03,14,14.03. 15:45,2017-03-14
Torquay,Tranmere,0,0,2017,03,14,14.03. 15:45,2017-03-14
Bromley,North Ferriby Utd,3,0,2017,03,11,11.03. 10:00,2017-03-11
Dag & Red,Forest Green,2,1,2017,03,11,11.03. 10:00,2017-03-11
Eastleigh,Barrow,2,0,2017,03,11,11.03. 10:00,2017-03-11
Guiseley,Aldershot,1,0,2017,03,11,11.03. 10:00,2017-03-11
Solihull Moors,Braintree,3,3,2017,03,11,11.03. 10:00,2017-03-11
Southport,Torquay,1,2,2017,03,11,11.03. 10:00,2017-03-11
Sutton,York City,2,2,2017,03,11,11.03. 10:00,2017-03-11
Woking,Boreham Wood,0,0,2017,03,11,11.03. 10:00,2017-03-11
Wrexham,Gateshead,0,2,2017,03,11,11.03. 10:00,2017-03-11
Barrow,Tranmere,2,1,2017,03,07,07.03. 14:45,2017-03-07
Braintree,Lincoln,0,4,2017,03,07,07.03. 14:45,2017-03-07
Aldershot,Lincoln,0,0,2017,03,04,04.03. 10:00,2017-03-04
Barrow,Sutton,0,0,2017,03,04,04.03. 10:00,2017-03-04
Boreham Wood,Bromley,0,0,2017,03,04,04.03. 10:00,2017-03-04
Braintree,Wrexham,1,2,2017,03,04,04.03. 10:00,2017-03-04
Dover,Solihull Moors,0,0,2017,03,04,04.03. 10:00,2017-03-04
Forest Green,Macclesfield,3,0,2017,03,04,04.03. 10:00,2017-03-04
Gateshead,Dag & Red,1,0,2017,03,04,04.03. 10:00,2017-03-04
Maidstone,Southport,4,2,2017,03,04,04.03. 10:00,2017-03-04
North Ferriby Utd,Woking,2,1,2017,03,04,04.03. 10:00,2017-03-04
Torquay,Guiseley,1,2,2017,03,04,04.03. 10:00,2017-03-04
York City,Eastleigh,3,1,2017,03,04,04.03. 10:00,2017-03-04
Chester,Tranmere,2,3,2017,03,03,03.03. 14:45,2017-03-03
Bromley,Braintree,0,5,2017,02,28,28.02. 14:45,2017-02-28
Dag & Red,Maidstone,0,2,2017,02,28,28.02. 14:45,2017-02-28
Eastleigh,Aldershot,1,1,2017,02,28,28.02. 14:45,2017-02-28
Guiseley,Barrow,1,0,2017,02,28,28.02. 14:45,2017-02-28
Lincoln,York City,1,1,2017,02,28,28.02. 14:45,2017-02-28
Sutton,Boreham Wood,1,0,2017,02,28,28.02. 14:45,2017-02-28
Woking,Dover,1,0,2017,02,28,28.02. 14:45,2017-02-28
Aldershot,Bromley,4,0,2017,02,25,25.02. 10:00,2017-02-25
Braintree,Maidstone,0,0,2017,02,25,25.02. 10:00,2017-02-25
Dover,Eastleigh,3,0,2017,02,25,25.02. 10:00,2017-02-25
Forest Green,Woking,4,3,2017,02,25,25.02. 10:00,2017-02-25
Guiseley,North Ferriby Utd,1,2,2017,02,25,25.02. 10:00,2017-02-25
Solihull Moors,Wrexham,0,1,2017,02,25,25.02. 10:00,2017-02-25
Southport,Chester,0,1,2017,02,25,25.02. 10:00,2017-02-25
Torquay,Sutton,2,3,2017,02,25,25.02. 10:00,2017-02-25
Dag & Red,Bromley,2,1,2017,02,21,21.02. 14:45,2017-02-21
Eastleigh,Macclesfield,0,1,2017,02,21,21.02. 14:45,2017-02-21
North Ferriby Utd,Lincoln,0,1,2017,02,21,21.02. 14:45,2017-02-21
Tranmere,Boreham Wood,2,1,2017,02,21,21.02. 14:45,2017-02-21
York City,Gateshead,1,3,2017,02,21,21.02. 14:45,2017-02-21
Barrow,Torquay,0,0,2017,02,18,18.02. 10:00,2017-02-18
Boreham Wood,York City,1,1,2017,02,18,18.02. 10:00,2017-02-18
Bromley,Solihull Moors,0,1,2017,02,18,18.02. 10:00,2017-02-18
Dag & Red,Guiseley,1,2,2017,02,18,18.02. 10:00,2017-02-18
Eastleigh,Tranmere,0,2,2017,02,18,18.02. 10:00,2017-02-18
Gateshead,Forest Green,3,1,2017,02,18,18.02. 10:00,2017-02-18
Macclesfield,Braintree,2,0,2017,02,18,18.02. 10:00,2017-02-18
Maidstone,Chester,4,2,2017,02,18,18.02. 10:00,2017-02-18
North Ferriby Utd,Dover,1,2,2017,02,18,18.02. 10:00,2017-02-18
Woking,Southport,0,0,2017,02,18,18.02. 10:00,2017-02-18
Wrexham,Aldershot,0,2,2017,02,18,18.02. 10:00,2017-02-18
Macclesfield,Barrow,0,1,2017,02,15,15.02. 14:45,2017-02-15
Eastleigh,Braintree,0,2,2017,02,14,14.02. 14:45,2017-02-14
Guiseley,Sutton,2,1,2017,02,14,14.02. 14:45,2017-02-14
Woking,Solihull Moors,2,1,2017,02,14,14.02. 14:45,2017-02-14
Aldershot,Barrow,2,2,2017,02,11,11.02. 10:00,2017-02-11
Braintree,North Ferriby Utd,1,0,2017,02,11,11.02. 10:00,2017-02-11
Dover,Wrexham,1,1,2017,02,11,11.02. 10:00,2017-02-11
Forest Green,Boreham Wood,2,0,2017,02,11,11.02. 10:00,2017-02-11
Guiseley,Eastleigh,1,1,2017,02,11,11.02. 10:00,2017-02-11
Lincoln,Woking,3,2,2017,02,11,11.02. 10:00,2017-02-11
Solihull Moors,Sutton,3,0,2017,02,11,11.02. 10:00,2017-02-11
Southport,Dag & Red,1,4,2017,02,11,11.02. 10:00,2017-02-11
Torquay,Macclesfield,1,1,2017,02,11,11.02. 10:00,2017-02-11
Tranmere,Bromley,2,2,2017,02,11,11.02. 10:00,2017-02-11
York City,Maidstone,1,1,2017,02,11,11.02. 10:00,2017-02-11
Chester,Gateshead,1,2,2017,02,11,11.02. 07:15,2017-02-11
Bromley,Torquay,1,0,2017,02,04,04.02. 10:00,2017-02-04
Dag & Red,Chester,3,2,2017,02,04,04.02. 10:00,2017-02-04
Gateshead,Southport,3,0,2017,02,04,04.02. 10:00,2017-02-04
Maidstone,Aldershot,0,2,2017,02,04,04.02. 10:00,2017-02-04
Wrexham,Guiseley,3,1,2017,02,04,04.02. 10:00,2017-02-04
Solihull Moors,Lincoln,0,1,2017,01,31,31.01. 14:45,2017-01-31
Woking,Tranmere,0,3,2017,01,31,31.01. 14:45,2017-01-31
Aldershot,York City,0,0,2017,01,28,28.01. 10:00,2017-01-28
Barrow,Forest Green,2,3,2017,01,28,28.01. 10:00,2017-01-28
Bromley,Southport,3,1,2017,01,28,28.01. 10:00,2017-01-28
Dover,Chester,3,1,2017,01,28,28.01. 10:00,2017-01-28
Eastleigh,Woking,0,1,2017,01,28,28.01. 10:00,2017-01-28
North Ferriby Utd,Macclesfield,0,2,2017,01,28,28.01. 10:00,2017-01-28
Solihull Moors,Maidstone,2,0,2017,01,28,28.01. 10:00,2017-01-28
Torquay,Gateshead,3,1,2017,01,28,28.01. 10:00,2017-01-28
Tranmere,Dag & Red,0,2,2017,01,28,28.01. 10:00,2017-01-28
Wrexham,Boreham Wood,2,1,2017,01,28,28.01. 10:00,2017-01-28
Barrow,Lincoln,3,0,2017,01,24,24.01. 14:45,2017-01-24
Boreham Wood,Solihull Moors,0,0,2017,01,21,21.01. 10:00,2017-01-21
Chester,Wrexham,1,1,2017,01,21,21.01. 10:00,2017-01-21
Forest Green,Braintree,1,1,2017,01,21,21.01. 10:00,2017-01-21
Gateshead,Aldershot,1,1,2017,01,21,21.01. 10:00,2017-01-21
Macclesfield,Guiseley,1,2,2017,01,21,21.01. 10:00,2017-01-21
Maidstone,Torquay,2,1,2017,01,21,21.01. 10:00,2017-01-21
Southport,North Ferriby Utd,2,4,2017,01,21,21.01. 10:00,2017-01-21
Sutton,Eastleigh,1,1,2017,01,21,21.01. 10:00,2017-01-21
York City,Barrow,2,1,2017,01,21,21.01. 10:00,2017-01-21
Lincoln,Dover,2,0,2017,01,20,20.01. 14:45,2017-01-20
Torquay,Woking,1,2,2017,01,14,14.01. 10:00,2017-01-14
Wrexham,North Ferriby Utd,1,0,2017,01,14,14.01. 10:00,2017-01-14
Barrow,Southport,0,1,2017,01,10,10.01. 14:45,2017-01-10
Braintree,Sutton,1,0,2017,01,10,10.01. 14:45,2017-01-10
Eastleigh,Forest Green,1,1,2017,01,10,10.01. 14:45,2017-01-10
Macclesfield,Dover,2,1,2017,01,10,10.01. 14:45,2017-01-10
Aldershot,Southport,2,1,2017,01,07,07.01. 10:00,2017-01-07
Braintree,Chester,1,2,2017,01,07,07.01. 10:00,2017-01-07
Bromley,Forest Green,1,5,2017,01,07,07.01. 10:00,2017-01-07
Dover,York City,2,2,2017,01,07,07.01. 10:00,2017-01-07
Guiseley,Maidstone,2,1,2017,01,07,07.01. 10:00,2017-01-07
North Ferriby Utd,Dag & Red,0,4,2017,01,07,07.01. 10:00,2017-01-07
Solihull Moors,Gateshead,0,2,2017,01,07,07.01. 10:00,2017-01-07
Torquay,Boreham Wood,0,1,2017,01,07,07.01. 10:00,2017-01-07
Wrexham,Woking,2,1,2017,01,07,07.01. 10:00,2017-01-07
Dag & Red,Braintree,3,0,2017,01,02,02.01. 14:45,2017-01-02
Maidstone,Dover,1,4,2017,01,01,01.01. 13:00,2017-01-01
Chester,Solihull Moors,0,3,2017,01,01,01.01. 10:00,2017-01-01
Forest Green,Torquay,5,5,2017,01,01,01.01. 10:00,2017-01-01
Lincoln,Guiseley,3,1,2017,01,01,01.01. 10:00,2017-01-01
Macclesfield,Tranmere,4,2,2017,01,01,01.01. 10:00,2017-01-01
Southport,Wrexham,3,2,2017,01,01,01.01. 10:00,2017-01-01
Sutton,Bromley,2,0,2017,01,01,01.01. 10:00,2017-01-01
York City,North Ferriby Utd,0,1,2017,01,01,01.01. 10:00,2017-01-01
Woking,Aldershot,1,2,2017,01,01,01.01. 08:00,2017-01-01
Gateshead,Barrow,4,1,2016,12,31,31.12. 10:00,2016-12-31
Boreham Wood,Eastleigh,0,1,2016,12,31,31.12. 08:00,2016-12-31
Eastleigh,Boreham Wood,2,2,2016,12,27,27.12. 14:45,2016-12-27
Barrow,Gateshead,0,0,2016,12,26,26.12. 10:00,2016-12-26
Braintree,Dag & Red,3,2,2016,12,26,26.12. 10:00,2016-12-26
Bromley,Sutton,1,0,2016,12,26,26.12. 10:00,2016-12-26
Dover,Maidstone,1,1,2016,12,26,26.12. 10:00,2016-12-26
Guiseley,Lincoln,2,1,2016,12,26,26.12. 10:00,2016-12-26
Solihull Moors,Chester,3,2,2016,12,26,26.12. 10:00,2016-12-26
Torquay,Forest Green,4,3,2016,12,26,26.12. 10:00,2016-12-26
Tranmere,Macclesfield,1,0,2016,12,26,26.12. 10:00,2016-12-26
Wrexham,Southport,1,0,2016,12,26,26.12. 10:00,2016-12-26
North Ferriby Utd,York City,0,1,2016,12,26,26.12. 07:30,2016-12-26
Aldershot,Woking,4,0,2016,12,26,26.12. 07:15,2016-12-26
Boreham Wood,Braintree,0,1,2016,12,20,20.12. 14:45,2016-12-20
Boreham Wood,Barrow,1,1,2016,12,17,17.12. 10:00,2016-12-17
Chester,Aldershot,2,0,2016,12,17,17.12. 10:00,2016-12-17
Dag & Red,Solihull Moors,4,4,2016,12,17,17.12. 10:00,2016-12-17
Forest Green,Dover,1,1,2016,12,17,17.12. 10:00,2016-12-17
Gateshead,Braintree,1,1,2016,12,17,17.12. 10:00,2016-12-17
Lincoln,Tranmere,2,1,2016,12,17,17.12. 10:00,2016-12-17
Maidstone,North Ferriby Utd,1,2,2016,12,17,17.12. 10:00,2016-12-17
Southport,Eastleigh,4,3,2016,12,17,17.12. 10:00,2016-12-17
Sutton,Wrexham,1,0,2016,12,17,17.12. 10:00,2016-12-17
Woking,Guiseley,0,0,2016,12,17,17.12. 10:00,2016-12-17
York City,Torquay,0,0,2016,12,17,17.12. 10:00,2016-12-17
Macclesfield,Bromley,1,2,2016,12,17,17.12. 07:15,2016-12-17
Wrexham,Macclesfield,0,3,2016,12,06,06.12. 14:45,2016-12-06
Aldershot,Boreham Wood,2,0,2016,12,03,03.12. 10:00,2016-12-03
Bromley,Maidstone,2,0,2016,12,03,03.12. 10:00,2016-12-03
Dover,Dag & Red,1,2,2016,12,03,03.12. 10:00,2016-12-03
Guiseley,Chester,1,1,2016,12,03,03.12. 10:00,2016-12-03
North Ferriby Utd,Gateshead,1,0,2016,12,03,03.12. 10:00,2016-12-03
Tranmere,York City,1,0,2016,12,03,03.12. 10:00,2016-12-03
Chester,North Ferriby Utd,3,0,2016,11,29,29.11. 14:45,2016-11-29
Dag & Red,Torquay,0,1,2016,11,29,29.11. 14:45,2016-11-29
Gateshead,Tranmere,0,1,2016,11,29,29.11. 14:45,2016-11-29
Lincoln,Wrexham,1,0,2016,11,29,29.11. 14:45,2016-11-29
Maidstone,Eastleigh,2,1,2016,11,29,29.11. 14:45,2016-11-29
Southport,Solihull Moors,0,0,2016,11,29,29.11. 14:45,2016-11-29
Sutton,Dover,0,6,2016,11,29,29.11. 14:45,2016-11-29
Woking,Bromley,2,1,2016,11,29,29.11. 14:45,2016-11-29
York City,Guiseley,1,1,2016,11,29,29.11. 14:45,2016-11-29
Bromley,York City,3,0,2016,11,26,26.11. 10:00,2016-11-26
Dag & Red,Barrow,1,4,2016,11,26,26.11. 10:00,2016-11-26
Eastleigh,Chester,0,3,2016,11,26,26.11. 10:00,2016-11-26
Guiseley,Boreham Wood,3,1,2016,11,26,26.11. 10:00,2016-11-26
Lincoln,Maidstone,2,0,2016,11,26,26.11. 10:00,2016-11-26
Solihull Moors,North Ferriby Utd,2,0,2016,11,26,26.11. 10:00,2016-11-26
Southport,Braintree,4,5,2016,11,26,26.11. 10:00,2016-11-26
Sutton,Aldershot,2,0,2016,11,26,26.11. 10:00,2016-11-26
Tranmere,Torquay,2,1,2016,11,26,26.11. 10:00,2016-11-26
Woking,Gateshead,3,0,2016,11,26,26.11. 10:00,2016-11-26
Wrexham,Forest Green,3,1,2016,11,26,26.11. 10:00,2016-11-26
Aldershot,Eastleigh,0,1,2016,11,22,22.11. 14:45,2016-11-22
Barrow,Guiseley,3,0,2016,11,22,22.11. 14:45,2016-11-22
Boreham Wood,Sutton,1,0,2016,11,22,22.11. 14:45,2016-11-22
Braintree,Bromley,2,2,2016,11,22,22.11. 14:45,2016-11-22
Chester,Southport,2,2,2016,11,22,22.11. 14:45,2016-11-22
Dover,Woking,3,1,2016,11,22,22.11. 14:45,2016-11-22
Forest Green,Tranmere,2,2,2016,11,22,22.11. 14:45,2016-11-22
Gateshead,Macclesfield,1,1,2016,11,22,22.11. 14:45,2016-11-22
Maidstone,Dag & Red,0,1,2016,11,22,22.11. 14:45,2016-11-22
Torquay,Solihull Moors,3,0,2016,11,22,22.11. 14:45,2016-11-22
York City,Lincoln,1,4,2016,11,22,22.11. 14:45,2016-11-22
Aldershot,Macclesfield,1,2,2016,11,19,19.11. 10:00,2016-11-19
Barrow,Solihull Moors,2,1,2016,11,19,19.11. 10:00,2016-11-19
Boreham Wood,Southport,2,0,2016,11,19,19.11. 10:00,2016-11-19
Braintree,Tranmere,0,1,2016,11,19,19.11. 10:00,2016-11-19
Chester,Bromley,1,1,2016,11,19,19.11. 10:00,2016-11-19
Dover,Guiseley,2,0,2016,11,19,19.11. 10:00,2016-11-19
Gateshead,Eastleigh,2,2,2016,11,19,19.11. 10:00,2016-11-19
Maidstone,Woking,0,3,2016,11,19,19.11. 10:00,2016-11-19
North Ferriby Utd,Sutton,2,1,2016,11,19,19.11. 10:00,2016-11-19
Torquay,Wrexham,1,1,2016,11,19,19.11. 10:00,2016-11-19
York City,Dag & Red,0,2,2016,11,19,19.11. 10:00,2016-11-19
Forest Green,Lincoln,2,3,2016,11,19,19.11. 07:15,2016-11-19
Woking,North Ferriby Utd,1,1,2016,11,12,12.11. 12:30,2016-11-12
Bromley,Boreham Wood,1,0,2016,11,12,12.11. 10:00,2016-11-12
Dag & Red,Gateshead,0,5,2016,11,12,12.11. 10:00,2016-11-12
Eastleigh,York City,1,1,2016,11,12,12.11. 10:00,2016-11-12
Guiseley,Torquay,2,0,2016,11,12,12.11. 10:00,2016-11-12
Lincoln,Aldershot,3,3,2016,11,12,12.11. 10:00,2016-11-12
Macclesfield,Forest Green,0,1,2016,11,12,12.11. 10:00,2016-11-12
Solihull Moors,Dover,2,3,2016,11,12,12.11. 10:00,2016-11-12
Southport,Maidstone,3,2,2016,11,12,12.11. 10:00,2016-11-12
Sutton,Barrow,0,0,2016,11,12,12.11. 10:00,2016-11-12
Tranmere,Chester,2,2,2016,11,12,12.11. 10:00,2016-11-12
Wrexham,Braintree,0,1,2016,11,12,12.11. 10:00,2016-11-12
Forest Green,Aldershot,2,1,2016,11,05,05.11. 11:00,2016-11-05
North Ferriby Utd,Wrexham,0,0,2016,11,05,05.11. 11:00,2016-11-05
Aldershot,Guiseley,1,0,2016,10,29,29.10. 10:00,2016-10-29
Boreham Wood,Woking,2,1,2016,10,29,29.10. 10:00,2016-10-29
Braintree,Solihull Moors,0,1,2016,10,29,29.10. 10:00,2016-10-29
Chester,Lincoln,2,5,2016,10,29,29.10. 10:00,2016-10-29
Dover,Tranmere,1,4,2016,10,29,29.10. 10:00,2016-10-29
Forest Green,Dag & Red,1,1,2016,10,29,29.10. 10:00,2016-10-29
Gateshead,Wrexham,2,2,2016,10,29,29.10. 10:00,2016-10-29
Maidstone,Macclesfield,2,1,2016,10,29,29.10. 10:00,2016-10-29
North Ferriby Utd,Bromley,1,2,2016,10,29,29.10. 10:00,2016-10-29
Torquay,Southport,1,2,2016,10,29,29.10. 10:00,2016-10-29
York City,Sutton,2,2,2016,10,29,29.10. 10:00,2016-10-29
Barrow,Eastleigh,4,0,2016,10,29,29.10. 07:15,2016-10-29
Bromley,Dover,0,2,2016,10,25,25.10. 14:45,2016-10-25
Dag & Red,Aldershot,1,0,2016,10,25,25.10. 14:45,2016-10-25
Eastleigh,Torquay,3,0,2016,10,25,25.10. 14:45,2016-10-25
Guiseley,Gateshead,1,1,2016,10,25,25.10. 14:45,2016-10-25
Lincoln,Boreham Wood,2,0,2016,10,25,25.10. 14:45,2016-10-25
Macclesfield,Chester,0,0,2016,10,25,25.10. 14:45,2016-10-25
Solihull Moors,Forest Green,0,1,2016,10,25,25.10. 14:45,2016-10-25
Southport,York City,2,0,2016,10,25,25.10. 14:45,2016-10-25
Sutton,Maidstone,2,2,2016,10,25,25.10. 14:45,2016-10-25
Tranmere,North Ferriby Utd,1,0,2016,10,25,25.10. 14:45,2016-10-25
Woking,Braintree,2,3,2016,10,25,25.10. 14:45,2016-10-25
Wrexham,Barrow,2,2,2016,10,25,25.10. 14:45,2016-10-25
Boreham Wood,North Ferriby Utd,1,0,2016,10,22,22.10. 10:00,2016-10-22
Dag & Red,Macclesfield,1,1,2016,10,22,22.10. 10:00,2016-10-22
Dover,Braintree,6,1,2016,10,22,22.10. 10:00,2016-10-22
Forest Green,Guiseley,3,0,2016,10,22,22.10. 10:00,2016-10-22
Lincoln,Eastleigh,0,0,2016,10,22,22.10. 10:00,2016-10-22
Maidstone,Gateshead,0,2,2016,10,22,22.10. 10:00,2016-10-22
Solihull Moors,Tranmere,0,3,2016,10,22,22.10. 10:00,2016-10-22
Southport,Sutton,1,1,2016,10,22,22.10. 10:00,2016-10-22
Torquay,Aldershot,0,0,2016,10,22,22.10. 10:00,2016-10-22
Woking,Barrow,1,1,2016,10,22,22.10. 10:00,2016-10-22
Wrexham,Bromley,2,1,2016,10,22,22.10. 10:00,2016-10-22
York City,Chester,1,1,2016,10,22,22.10. 10:00,2016-10-22
Aldershot,Solihull Moors,2,0,2016,10,08,08.10. 10:00,2016-10-08
Barrow,Maidstone,3,0,2016,10,08,08.10. 10:00,2016-10-08
Braintree,York City,1,1,2016,10,08,08.10. 10:00,2016-10-08
Bromley,Lincoln,1,1,2016,10,08,08.10. 10:00,2016-10-08
Chester,Torquay,1,0,2016,10,08,08.10. 10:00,2016-10-08
Eastleigh,Dag & Red,0,1,2016,10,08,08.10. 10:00,2016-10-08
Gateshead,Dover,4,2,2016,10,08,08.10. 10:00,2016-10-08
Guiseley,Southport,2,1,2016,10,08,08.10. 10:00,2016-10-08
Macclesfield,Boreham Wood,0,2,2016,10,08,08.10. 10:00,2016-10-08
North Ferriby Utd,Forest Green,0,3,2016,10,08,08.10. 10:00,2016-10-08
Sutton,Woking,4,1,2016,10,08,08.10. 10:00,2016-10-08
Tranmere,Wrexham,2,0,2016,10,08,08.10. 07:15,2016-10-08
Aldershot,Forest Green,0,4,2016,10,04,04.10. 14:45,2016-10-04
Barrow,Macclesfield,1,1,2016,10,04,04.10. 14:45,2016-10-04
Braintree,Boreham Wood,1,2,2016,10,04,04.10. 14:45,2016-10-04
Bromley,Woking,2,1,2016,10,04,04.10. 14:45,2016-10-04
Dover,Sutton,3,1,2016,10,04,04.10. 14:45,2016-10-04
Eastleigh,Maidstone,3,0,2016,10,04,04.10. 14:45,2016-10-04
Guiseley,York City,6,1,2016,10,04,04.10. 14:45,2016-10-04
North Ferriby Utd,Chester,0,1,2016,10,04,04.10. 14:45,2016-10-04
Solihull Moors,Southport,4,0,2016,10,04,04.10. 14:45,2016-10-04
Torquay,Dag & Red,1,0,2016,10,04,04.10. 14:45,2016-10-04
Tranmere,Gateshead,0,1,2016,10,04,04.10. 14:45,2016-10-04
Wrexham,Lincoln,1,2,2016,10,04,04.10. 14:45,2016-10-04
Dag & Red,Tranmere,0,0,2016,10,01,01.10. 12:30,2016-10-01
Boreham Wood,Wrexham,0,1,2016,10,01,01.10. 10:00,2016-10-01
Chester,Dover,5,0,2016,10,01,01.10. 10:00,2016-10-01
Forest Green,Barrow,0,0,2016,10,01,01.10. 10:00,2016-10-01
Gateshead,Torquay,0,0,2016,10,01,01.10. 10:00,2016-10-01
Lincoln,Braintree,3,0,2016,10,01,01.10. 10:00,2016-10-01
Macclesfield,North Ferriby Utd,1,0,2016,10,01,01.10. 10:00,2016-10-01
Maidstone,Solihull Moors,2,4,2016,10,01,01.10. 10:00,2016-10-01
Southport,Bromley,1,2,2016,10,01,01.10. 10:00,2016-10-01
Sutton,Guiseley,1,0,2016,10,01,01.10. 10:00,2016-10-01
Woking,Eastleigh,3,3,2016,10,01,01.10. 10:00,2016-10-01
York City,Aldershot,0,1,2016,10,01,01.10. 10:00,2016-10-01
Macclesfield,Wrexham,3,0,2016,09,27,27.09. 14:45,2016-09-27
Aldershot,Gateshead,3,0,2016,09,24,24.09. 10:00,2016-09-24
Barrow,York City,2,0,2016,09,24,24.09. 10:00,2016-09-24
Braintree,Forest Green,0,1,2016,09,24,24.09. 10:00,2016-09-24
Bromley,Dag & Red,1,3,2016,09,24,24.09. 10:00,2016-09-24
Dover,Lincoln,2,0,2016,09,24,24.09. 10:00,2016-09-24
Eastleigh,Sutton,2,1,2016,09,24,24.09. 10:00,2016-09-24
Guiseley,Macclesfield,1,2,2016,09,24,24.09. 10:00,2016-09-24
North Ferriby Utd,Southport,0,1,2016,09,24,24.09. 10:00,2016-09-24
Solihull Moors,Boreham Wood,1,1,2016,09,24,24.09. 10:00,2016-09-24
Torquay,Maidstone,2,3,2016,09,24,24.09. 10:00,2016-09-24
Tranmere,Woking,3,1,2016,09,24,24.09. 10:00,2016-09-24
Wrexham,Chester,0,0,2016,09,24,24.09. 07:15,2016-09-24
Boreham Wood,Torquay,2,0,2016,09,17,17.09. 10:00,2016-09-17
Chester,Braintree,1,0,2016,09,17,17.09. 10:00,2016-09-17
Dag & Red,North Ferriby Utd,2,0,2016,09,17,17.09. 10:00,2016-09-17
Forest Green,Bromley,1,0,2016,09,17,17.09. 10:00,2016-09-17
Gateshead,Solihull Moors,0,0,2016,09,17,17.09. 10:00,2016-09-17
Lincoln,Barrow,1,2,2016,09,17,17.09. 10:00,2016-09-17
Macclesfield,Eastleigh,0,1,2016,09,17,17.09. 10:00,2016-09-17
Maidstone,Guiseley,1,1,2016,09,17,17.09. 10:00,2016-09-17
Southport,Aldershot,1,1,2016,09,17,17.09. 10:00,2016-09-17
Woking,Wrexham,2,0,2016,09,17,17.09. 10:00,2016-09-17
York City,Dover,0,1,2016,09,17,17.09. 10:00,2016-09-17
Sutton,Tranmere,1,0,2016,09,17,17.09. 07:15,2016-09-17
Boreham Wood,Aldershot,1,1,2016,09,13,13.09. 14:45,2016-09-13
Chester,Guiseley,2,0,2016,09,13,13.09. 14:45,2016-09-13
Dag & Red,Dover,2,0,2016,09,13,13.09. 14:45,2016-09-13
Forest Green,Eastleigh,1,1,2016,09,13,13.09. 14:45,2016-09-13
Gateshead,North Ferriby Utd,0,1,2016,09,13,13.09. 14:45,2016-09-13
Lincoln,Solihull Moors,0,0,2016,09,13,13.09. 14:45,2016-09-13
Maidstone,Bromley,0,2,2016,09,13,13.09. 14:45,2016-09-13
Southport,Barrow,1,4,2016,09,13,13.09. 14:45,2016-09-13
Sutton,Braintree,1,2,2016,09,13,13.09. 14:45,2016-09-13
Woking,Torquay,3,1,2016,09,13,13.09. 14:45,2016-09-13
York City,Tranmere,0,0,2016,09,13,13.09. 14:45,2016-09-13
Aldershot,Chester,0,0,2016,09,10,10.09. 10:00,2016-09-10
Barrow,Boreham Wood,1,1,2016,09,10,10.09. 10:00,2016-09-10
Braintree,Gateshead,1,4,2016,09,10,10.09. 10:00,2016-09-10
Bromley,Macclesfield,0,1,2016,09,10,10.09. 10:00,2016-09-10
Eastleigh,Southport,1,1,2016,09,10,10.09. 10:00,2016-09-10
Guiseley,Woking,1,1,2016,09,10,10.09. 10:00,2016-09-10
North Ferriby Utd,Maidstone,0,2,2016,09,10,10.09. 10:00,2016-09-10
Solihull Moors,Dag & Red,2,5,2016,09,10,10.09. 10:00,2016-09-10
Torquay,York City,2,0,2016,09,10,10.09. 10:00,2016-09-10
Tranmere,Lincoln,0,1,2016,09,10,10.09. 10:00,2016-09-10
Wrexham,Sutton,1,0,2016,09,10,10.09. 10:00,2016-09-10
Dover,Forest Green,4,3,2016,09,10,10.09. 07:15,2016-09-10
Torquay,Lincoln,1,2,2016,09,03,03.09. 12:30,2016-09-03
Aldershot,Tranmere,3,1,2016,09,03,03.09. 10:00,2016-09-03
Barrow,Bromley,1,1,2016,09,03,03.09. 10:00,2016-09-03
Chester,Forest Green,1,2,2016,09,03,03.09. 10:00,2016-09-03
Dag & Red,Boreham Wood,0,2,2016,09,03,03.09. 10:00,2016-09-03
Eastleigh,North Ferriby Utd,2,0,2016,09,03,03.09. 10:00,2016-09-03
Gateshead,Sutton,1,0,2016,09,03,03.09. 10:00,2016-09-03
Guiseley,Braintree,0,0,2016,09,03,03.09. 10:00,2016-09-03
Macclesfield,Woking,3,1,2016,09,03,03.09. 10:00,2016-09-03
Maidstone,Wrexham,2,2,2016,09,03,03.09. 10:00,2016-09-03
Southport,Dover,0,1,2016,09,03,03.09. 10:00,2016-09-03
York City,Solihull Moors,4,0,2016,09,03,03.09. 10:00,2016-09-03
Tranmere,Guiseley,1,0,2016,08,29,29.08. 12:30,2016-08-29
Boreham Wood,Maidstone,0,1,2016,08,29,29.08. 10:00,2016-08-29
Braintree,Torquay,1,3,2016,08,29,29.08. 10:00,2016-08-29
Bromley,Eastleigh,0,5,2016,08,29,29.08. 10:00,2016-08-29
Dover,Aldershot,1,2,2016,08,29,29.08. 10:00,2016-08-29
Forest Green,Southport,5,1,2016,08,29,29.08. 10:00,2016-08-29
Lincoln,Gateshead,3,0,2016,08,29,29.08. 10:00,2016-08-29
North Ferriby Utd,Barrow,0,1,2016,08,29,29.08. 10:00,2016-08-29
Solihull Moors,Macclesfield,2,3,2016,08,29,29.08. 10:00,2016-08-29
Sutton,Dag & Red,1,0,2016,08,29,29.08. 10:00,2016-08-29
Woking,Chester,3,1,2016,08,29,29.08. 10:00,2016-08-29
Wrexham,York City,2,1,2016,08,29,29.08. 10:00,2016-08-29
Aldershot,North Ferriby Utd,2,0,2016,08,27,27.08. 10:00,2016-08-27
Barrow,Braintree,2,1,2016,08,27,27.08. 10:00,2016-08-27
Chester,Sutton,4,0,2016,08,27,27.08. 10:00,2016-08-27
Eastleigh,Solihull Moors,2,0,2016,08,27,27.08. 10:00,2016-08-27
Gateshead,Boreham Wood,1,1,2016,08,27,27.08. 10:00,2016-08-27
Guiseley,Bromley,1,4,2016,08,27,27.08. 10:00,2016-08-27
Macclesfield,Lincoln,1,2,2016,08,27,27.08. 10:00,2016-08-27
Maidstone,Forest Green,1,4,2016,08,27,27.08. 10:00,2016-08-27
Southport,Tranmere,1,1,2016,08,27,27.08. 10:00,2016-08-27
Torquay,Dover,2,1,2016,08,27,27.08. 10:00,2016-08-27
York City,Woking,4,1,2016,08,27,27.08. 10:00,2016-08-27
Dag & Red,Wrexham,3,0,2016,08,27,27.08. 07:15,2016-08-27
Boreham Wood,Chester,1,1,2016,08,20,20.08. 10:00,2016-08-20
Braintree,Aldershot,2,0,2016,08,20,20.08. 10:00,2016-08-20
Bromley,Gateshead,3,2,2016,08,20,20.08. 10:00,2016-08-20
Dover,Barrow,3,1,2016,08,20,20.08. 10:00,2016-08-20
Forest Green,York City,2,1,2016,08,20,20.08. 10:00,2016-08-20
Lincoln,Southport,4,0,2016,08,20,20.08. 10:00,2016-08-20
North Ferriby Utd,Torquay,1,0,2016,08,20,20.08. 10:00,2016-08-20
Solihull Moors,Guiseley,3,2,2016,08,20,20.08. 10:00,2016-08-20
Sutton,Macclesfield,2,0,2016,08,20,20.08. 10:00,2016-08-20
Tranmere,Maidstone,2,1,2016,08,20,20.08. 10:00,2016-08-20
Woking,Dag & Red,1,3,2016,08,20,20.08. 10:00,2016-08-20
Wrexham,Eastleigh,0,0,2016,08,20,20.08. 10:00,2016-08-20
Barrow,Chester,3,2,2016,08,16,16.08. 14:45,2016-08-16
Boreham Wood,Tranmere,0,1,2016,08,16,16.08. 14:45,2016-08-16
Bromley,Aldershot,2,2,2016,08,16,16.08. 14:45,2016-08-16
Dag & Red,Lincoln,1,0,2016,08,16,16.08. 14:45,2016-08-16
Eastleigh,Dover,2,4,2016,08,16,16.08. 14:45,2016-08-16
Gateshead,York City,6,1,2016,08,16,16.08. 14:45,2016-08-16
Macclesfield,Southport,3,1,2016,08,16,16.08. 14:45,2016-08-16
Maidstone,Braintree,2,1,2016,08,16,16.08. 14:45,2016-08-16
North Ferriby Utd,Guiseley,3,2,2016,08,16,16.08. 14:45,2016-08-16
Sutton,Torquay,2,0,2016,08,16,16.08. 14:45,2016-08-16
Woking,Forest Green,0,1,2016,08,16,16.08. 14:45,2016-08-16
Wrexham,Solihull Moors,1,0,2016,08,16,16.08. 14:45,2016-08-16
Aldershot,Wrexham,2,0,2016,08,13,13.08. 10:00,2016-08-13
Braintree,Macclesfield,1,3,2016,08,13,13.08. 10:00,2016-08-13
Chester,Maidstone,1,3,2016,08,13,13.08. 10:00,2016-08-13
Dover,North Ferriby Utd,2,0,2016,08,13,13.08. 10:00,2016-08-13
Forest Green,Gateshead,1,0,2016,08,13,13.08. 10:00,2016-08-13
Guiseley,Dag & Red,0,2,2016,08,13,13.08. 10:00,2016-08-13
Lincoln,Sutton,1,3,2016,08,13,13.08. 10:00,2016-08-13
Solihull Moors,Bromley,1,0,2016,08,13,13.08. 10:00,2016-08-13
Southport,Woking,2,1,2016,08,13,13.08. 10:00,2016-08-13
Torquay,Barrow,1,1,2016,08,13,13.08. 10:00,2016-08-13
Tranmere,Eastleigh,2,1,2016,08,13,13.08. 10:00,2016-08-13
York City,Boreham Wood,1,1,2016,08,13,13.08. 10:00,2016-08-13
Aldershot,Maidstone,1,0,2016,08,09,09.08. 14:45,2016-08-09
Braintree,Eastleigh,1,1,2016,08,09,09.08. 14:45,2016-08-09
Chester,Dag & Red,3,0,2016,08,09,09.08. 14:45,2016-08-09
Dover,Boreham Wood,1,4,2016,08,09,09.08. 14:45,2016-08-09
Forest Green,Sutton,1,1,2016,08,09,09.08. 14:45,2016-08-09
Guiseley,Wrexham,2,3,2016,08,09,09.08. 14:45,2016-08-09
Lincoln,North Ferriby Utd,6,1,2016,08,09,09.08. 14:45,2016-08-09
Solihull Moors,Woking,2,2,2016,08,09,09.08. 14:45,2016-08-09
Southport,Gateshead,0,3,2016,08,09,09.08. 14:45,2016-08-09
Torquay,Bromley,1,0,2016,08,09,09.08. 14:45,2016-08-09
Tranmere,Barrow,2,0,2016,08,09,09.08. 14:45,2016-08-09
York City,Macclesfield,1,0,2016,08,09,09.08. 14:45,2016-08-09
Barrow,Aldershot,1,0,2016,08,06,06.08. 10:00,2016-08-06
Boreham Wood,Forest Green,1,0,2016,08,06,06.08. 10:00,2016-08-06
Bromley,Tranmere,0,2,2016,08,06,06.08. 10:00,2016-08-06
Dag & Red,Southport,3,0,2016,08,06,06.08. 10:00,2016-08-06
Eastleigh,Guiseley,2,1,2016,08,06,06.08. 10:00,2016-08-06
Gateshead,Chester,3,0,2016,08,06,06.08. 10:00,2016-08-06
Macclesfield,Torquay,2,0,2016,08,06,06.08. 10:00,2016-08-06
North Ferriby Utd,Braintree,0,0,2016,08,06,06.08. 10:00,2016-08-06
Sutton,Solihull Moors,1,3,2016,08,06,06.08. 10:00,2016-08-06
Woking,Lincoln,1,3,2016,08,06,06.08. 10:00,2016-08-06
Wrexham,Dover,0,0,2016,08,06,06.08. 10:00,2016-08-06
Maidstone,York City,1,1,2016,08,06,06.08. 07:15,2016-08-06
